Title,Price
Versace Pour Homme Eau de Toilette,$297.000 – $405.000
Versace Dylan Blue HM EDT,$297.000 – $414.000
Versace Eros Flame Eau de Parfum,$378.000
Versace Eros HM Eau de Toilette,$339.150 – $495.000
VERSACE EROS HM Eau de Parfum,$405.000 – $522.000
Nautica Voyage HM Eau de Toilette 100 ml,$160.000$144.000
Rabanne One Million Parfum 100 ml,$520.000$468.000
Rabanne One Million HM Eau de Toilette 100 ml,$460.000$414.000
ilMin il Roso Extracto 30 ml,$599.000$539.100
Moschino Toy 2 EDP 100 ml,$340.000$306.000
Fugazzi Sugardaddy Unisex Eau de Parfum 50 ml,$800.000$720.000
AHLI VEGA UNISEX Eau de Parfum  60 ml,$450.000$405.000
VERSACE EROS HM Eau de Parfum,$405.000 – $522.000
